,Date,Location,Dead,Injured,Total,Description,State,Year
0,"November 2, 1999","Honolulu, Hawaii",7,0,7,"1999 Honolulu shootings: A service technician opened fire inside a Xerox building and killed seven people while an eighth escaped, he then held thirty-five school children inside the Hawaii Nature Center before surrendering to police.", Hawaii,1999
1,"September 15, 1999","Fort Worth, Texas",8,7,15,"Wedgwood Baptist Church shooting: During a concert in the church for teenagers, the perpetrator entered and shot and killed seven attendees and wounded seven others before committing suicide.", Texas,1999
2,"August 10, 1999","Los Angeles, California",1,5,6,"Los Angeles Jewish Community Center shooting: Affiliated with the Aryan Nations, the perpetrator killed one and wounded five when entering a Jewish community center.", California,1999
3,"July 27–29, 1999","Stockbridge and Atlanta, Georgia",10,13,23,"1999 Atlanta day trading firm shootings: The perpetrator bludgeoned his wife and two children to death within the two days before he entered two separate Buckhead firms. There, he shot fellow traders, killing an additional nine and wounding thirteen, committing suicide afterwards.", Georgia,1999
4,"July 2–4, 1999","Chicago, Urbana, Springfield, and Decatur, Illinois Bloomington, Indiana",3,10,13,"1999 Independence Day weekend shootings: Part of the Creativity Movement, the perpetrator killed former Northwestern University basketball coach Ricky Byrdsong and a Korean American Indiana University graduate student Won-Joon Yoon as well as wounding a black minister and nine Orthodox Jews before killing himself.", Indiana,1999
5,"June 3, 1999","Las Vegas, Nevada",4,1,5,1999 Las Vegas shooting: A man entered an Albertson's supermarket and shot indiscriminately with a shotgun. He killed four people and wounded another before being arrested.[240], Nevada,1999
6,"April 20, 1999","Columbine, Colorado",15,24,39,Columbine High School massacre: Two students from the school shot and killed twelve classmates and a teacher. They died from suicide., Colorado,1999
7,"November 29, 1998","Muskegon, Michigan",5,0,5,Muskegon shooting: An 18-year-old man shot and killed four family members and another person at their home. He was arrested shortly after.[241], Michigan,1998
8,"July 24, 1998","Washington, D.C.",2,3[n 1],5,"1998 United States Capitol shooting: A schizophrenic man entered the United States Capitol, where he shot four people, two fatally, before being shot by police and taken into custody.[242]", D.C.,1998
9,"July 5, 1998","Tacoma, Washington",5,5,10,"Trang Dai massacre: Four gunmen entered the Trang Dai Cafe and opened fire, killing five diners and wounding five others.", Washington,1998
10,"May 21, 1998","Springfield, Oregon",4,25,29,Thurston High School shooting: An expelled student targeted his parents and the school and killed four people and injured twenty-five others before being arrested., Oregon,1998
11,"April 24, 1998","Edinboro, Pennsylvania",1,3,4,"1998 Parker Middle School dance shooting: A 14-year-old student opened fire and fatally shot a teacher and injured another and two students during an 8th grade dance, before being arrested.[243]", Pennsylvania,1998
12,"March 25, 1998","near Pine Bluff, Arkansas",5,13[n 1],6,Pine Bluff shooting: A man shot and killed his girlfriend and four others. He was taken into custody after being shot in the arm during a standoff.[244], Arkansas,1998
13,"March 24, 1998","Craighead County, Arkansas",5,10,15,"1998 Westside Middle School shooting: Two students aged 11 and 13, shot and killed four students and a teacher and injured ten others before being arrested.", Arkansas,1998
14,"March 6, 1998","Newington, Connecticut",5,0,5,Connecticut Lottery Headquarters shooting: A disgruntled accountant employed by Connecticut's lottery headquarters shot and stabbed four of his supervisors to death before taking his own life by gunshot.[245], Connecticut,1998
15,"December 3, 1997","Bartow, Florida",4,0,4,"Bartow shooting: A man killed three former business partners at a manufacturing plant, as well as a visiting relative of two of the other victims. The suspect was convicted of murder and sentenced to death.", Florida,1997
16,"December 1, 1997","West Paducah, Kentucky",3,5,8,"1997 Heath High School shooting: A 14-year-old student opened fire on a group of students praying before the school opened, killing three and injuring five before surrendering.[246]", Kentucky,1997
17,"November 30, 1997","Shelbyville, Tennessee",4,0,4,Shelbyville shooting: A man killed his three children and their half-sister with a semi-automatic rifle at his workplace. He surrendered to police shortly after.[247], Tennessee,1997
18,"November 13, 1997","Channelview, Texas",5,0,5,"Channelview shooting: A man killed five people with a rifle, including his ex-wife, at a party. The shooter was convicted of murder and executed by lethal injection in 2016.", Texas,1997
19,"October 1, 1997","Pearl, Mississippi",3,7,10,"1997 Pearl High School shooting: The perpetrator fatally stabbed and bludgeoned his mother, then drove to the high school and shot and killed two students and injured seven before being arrested.", Mississippi,1997
20,"September 15, 1997","Aiken, South Carolina",4,3,7,Aiken shooting: The perpetrator shot seven people at a manufacturing factory of his former employer. The perpetrator was executed in 2005., South Carolina,1997
21,"August 19, 1997","Colebrook, New Hampshire, and Bloomfield, Vermont",5,4,9,"Colebrook shooting: After killing two New Hampshire State troopers in a supermarket parking lot, a gunman drove to the office of a district judge, killing her and a newspaper editor who attempted to disarm him. Police pursued the gunman to Vermont, where he wounded four more police officers in a gunfight before being killed by police.", Vermont,1997
22,"April 6, 1997","near Greenville, Tennessee",3,1,4,"Lillelid murders: Six people kidnapped four family members and shot them alongside the road, killing three.[248]", Tennessee,1997
23,"March 11, 1997","Detroit, Michigan",4,2,6,1997 Detroit shootings: An armed gunman opened fire killing three people and wounding two others in northeast Detroit before being killed by police.[249], Michigan,1997
24,"February 28, 1997","Los Angeles, California",2,20,22,"North Hollywood shootout: Upon leaving a bank, two heavily armed bank robbers were confronted by the LAPD. The robbers proceeded to open fire on the police in an attempt to escape. During this attempt, both of the robbers got shot. Following this, one of them took his own life, while the other one was mortally wounded. Out of the 20 injured, 12 were police officers, and 8 were civilians", California,1997
25,"February 23, 1997","New York City, New York",2,6,8,"1997 Empire State Building shooting: A gunman opened fire on the observation deck of the Empire State Building, killing one and wounding six, before taking his own life.", New York,1997
26,"February 19, 1997","Bethel, Alaska",2,2,4,"1997 Bethel Regional High School shooting: A student shot and killed two people and wounded two others before surrendering to police. He was reportedly assisted by several students in learning how to shoot, and many knew about the shooting plans in advance.", Alaska,1997
27,"July 16, 1996","Winona, Mississippi",4,0,4,"Tardy Furniture shooting: Four people were shot to death at a furniture store. Curtis Flowers, a former employee of the store, was convicted of the murders, but these were overturned due to racial bias. The fourth and fifth trials ended as mistrials, and a sixth trial found Flowers guilty, but this was overturned by the Supreme Court in 2019. In 2020, the Mississippi Attorney General announced she would not pursue a seventh trial against Flowers.", Mississippi,1996
28,"April 25, 1996","Jackson, Mississippi",5,3,8,"1996 Jackson firehouse shooting: After killing his wife at home, a firefighter shot four supervisors and wounded two other coworkers, before leading officers on a chase and wounding one in a shootout.", Mississippi,1996
29,"February 2, 1996","Moses Lake, Washington",3,1,4,Frontier Middle School shooting: A student shot and killed a teacher and two students and wounded another before being arrested.[250], Washington,1996
30,"December 8, 1995","New York City, New York",8,4,12,"Freddy's Fashion Mart attack: A man entered a store, setting it on fire and wounding four customers with a revolver as they fled. Police found the gunman dead of a self-inflicted gunshot wound and seven employees dead from smoke inhalation.[251]", New York,1995
31,"October 27, 1995","Fort Bragg, North Carolina",1,18,19,"1995 Fort Bragg shooting: An Army sergeant opened fire on other soldiers with a rifle, killing one person and wounding eighteen others before being subdued and disarmed.[252]", North Carolina,1995
32,"December 30, 1994","Brookline, Massachusetts",2,5,7,"Brookline clinic shootings: A man shot six people at a Planned Parenthood clinic before killing a woman at another facility. The gunman was captured in Norfolk, Virginia, the day after.", Massachusetts,1994
33,"November 7, 1994","Wickliffe, Ohio",1,3,4,Wickliffe Middle School shooting: A 37-year-old former student entered the building and shot and killed the custodian and wounded three other adults before he was arrested.[253], Ohio,1994
34,"June 20, 1994","Fairchild Air Force Base, Washington",5,22,27,Fairchild Air Force Base shooting: A former airman who had been discharged returned to the base hospital and killed four people and injured twenty-two others before being shot and killed by responding police., Washington,1994
35,"April 16, 1994","Gadsden, Alabama",3,1,4,"1994 Popeyes shooting: Two robbers entered a Popeyes restaurant and led four employees into the freezer, where they opened fire. Three employees were killed and another wounded.[254]", Alabama,1994
36,"February 13, 1994","Bucyrus, Ohio",3,3,6,1994 Bucyrus shooting: A gunman shot and killed three people and wounded three others at an apartment complex.[255], Ohio,1994
37,"December 14, 1993","Aurora, Colorado",4,1,5,"Aurora, Colorado, Chuck E. Cheese shooting: The perpetrator shot and killed four employees and injured one in revenge for being fired from the restaurant.", Colorado,1993
38,"December 7, 1993","Garden City, New York",6,19,25,Long Island Rail Road shooting: A passenger opened fire on other passengers and killed six and wounded nineteen before being subdued by three passengers and arrested., New York,1993
39,"August 6, 1993","Fayetteville, North Carolina",4,8[n 1],12,"Luigi's Restaurant shooting: A soldier entered a restaurant and shot indiscriminately, killing four people and wounding seven others before being shot and wounded by an off-duty police officer.[256]", North Carolina,1993
40,"July 24, 1993","near Mason City, Iowa",4,0,4,1993 Iowa murders: A man involved in the manufacturing of methamphetamine executed a dealer and his family after the dealer was set to testify against him.[257], Iowa,1993
41,"July 1, 1993","San Francisco, California",9,6,15,"101 California Street shooting: The perpetrator opened fire in an office building, killing eight people and wounding six others before committing suicide.", California,1993
42,"January 25, 1993","Langley, Virginia",2,3,5,CIA Headquarters shooting: A Pakistani national fired an AK-47 style weapon at a line of cars waiting at a red light to turn into the main entrance of the CIA Headquarters. He was captured in 1997.[258], Virginia,1993
43,"January 8, 1993","Palatine, Illinois",7,0,7,Brown's Chicken Massacre: Two robbers entered a Brown's Chicken restaurant and murdered seven employees. The two were arrested and convicted in 2007 and 2009.[259], Illinois,1993
44,"December 14, 1992","Great Barrington, Massachusetts",2,4,6,"1992 Bard College at Simon's Rock shooting: The perpetrator, Wayne Lo, had been stockpiling ammunition and weapons in his dorm, and after several alarms had been raised by third parties, he opened fire and killed a professor and student and wounded four others.[260]", Massachusetts,1992
45,"June 20, 1992","Houston, Texas",4,2,6,Brownstone Lane murders: Three men fatally shot four people and wounded two others during a drug deal gone wrong.[261], Texas,1992
46,"May 1, 1992","Olivehurst, California",4,10,14,"1992 Lindhurst High School shooting: A 20-year-old past student opened fire on a classroom and killed four people, wounded ten others, and held eighty people hostage during an eight-hour siege before he surrendered.", California,1992
47,"December 6, 1991","Austin, Texas",4,0,4,"1991 Austin Yogurt Shop murders: Four teenage girls aged; 13, 15, 17, and 17-years-old were shot and killed execution style after being stripped and bound with their own clothes, the store was also robbed and set on fire.[262]", Texas,1991
48,"November 14, 1991","Royal Oak, Michigan",5,7,12,"Royal Oak post office shootings: A former postal worker, who had been fired and had previously sent threats to the post office, shot eight people, killing four, before killing himself. Three others were injured escaping or hiding from the gunman.", Michigan,1991
49,"November 1, 1991","Iowa City, Iowa",6,1,7,University of Iowa shooting: A former graduate student attended a meeting for a research group before opening fire and killed five individuals and injured one before committing suicide., Iowa,1991
50,"October 16, 1991","Killeen, Texas",24,27,51,"Killeen, Texas, Luby's Restaurant shooting: A former Merchant Marine drove his vehicle through the front window of the restaurant before opening fire on a crowd of about eighty people, killing twenty-three and injuring twenty-seven. He then committed suicide.", Texas,1991
51,"September 2, 1991","Youngstown, Ohio",4,0,4,"1991 Youngstown shooting: A man, accompanied by three accomplices, tied up four people and shot them execution-style.[263]", Ohio,1991
52,"August 9–10, 1991","Waddell, Arizona",9,0,9,"Arizona Buddhist Temple shooting: Nine men were robbed and killed in a Buddhist temple, with the perpetrator remaining un-convicted until 2014.[264]", Arizona,1991
53,"June 16, 1991","Denver, Colorado",4,0,4,"Father's Day Bank Massacre: A bank robber killed four unarmed guards during a robbery. A retired police officer was arrested for the crime, but he was acquitted. The case remains officially unsolved.", Colorado,1991
54,"April 4, 1991","Sacramento County, California",6,14[n 27],20,"Sacramento Hostage Crisis: For eight hours forty-one people were held hostage inside an electronics store, by four Vietnamese refugees who killed three and injured 14. Three of the four perpetrators were shot and killed by responding police.[265]", California,1991
55,"January 12, 1991","Boston, Massachusetts",5,1,6,"Boston Chinatown massacre: Six men were shot, five fatally, in a gang-related shooting at a social club.[266]", Massachusetts,1991
56,"September 28, 1990","Berkeley, California",2,7,9,"Henry's Pub hostage incident: A schizophrenic man held 33 hostages in a bar near the University of California, Berkeley campus. After seven hours police stormed the bar, and in the siege the gunman and a hostage were killed, and six students and a police officer were wounded.[267]", California,1990
57,"June 17–18, 1990","Jacksonville, Florida",9,4,13,"GMAC Office shooting: A convicted felon returned to the loan office he had used to purchase a car and opened fire, killing nine people and injuring four before committing suicide.", Florida,1990
58,"February 10, 1990","Las Cruces, New Mexico",5,2,7,Las Cruces bowling alley massacre: Two unknown perpetrators entered the bowling alley and killed four people and injured three before fleeing. One of the injured died in 1999. The case is still unsolved., New Mexico,1990
0,"November 29, 2009","Parkland, Washington",5,0,5,2009 Lakewood shooting: A man killed four police officers at a coffee shop and fled the scene with a gunshot wound. He was killed by police two days later.[200], Washington,2009
1,"November 26, 2009","Jupiter, Florida",4,1,5,"2009 Thanksgiving murders: A man opened fire at his family's Thanksgiving dinner, killing four relatives and wounding another. He was arrested in January 2010.[201]", Florida,2009
2,"November 20, 2009","Saipan, Northern Mariana Islands",5,9,14,"2009 Saipan shooting: A gunman shot at people throughout Saipan, before committing suicide at the edge of a cliff.[202]", Northern Mariana Islands,2009
3,"November 12, 2009","Pearcy, Arkansas",5,0,5,Pearcy murders: Three men killed five people in two robberies on the same property.[203], Arkansas,2009
4,"November 5, 2009","Fort Hood, Texas",14,33[n 1],47,2009 Fort Hood shooting: A U.S. army psychiatrist opened fire and killed thirteen individuals and injured 33 others., Texas,2009
5,"October 17, 2009","Toa Baja, Puerto Rico",8,20,28,2009 Sabana Seca massacre: Eight people were killed and twenty others were wounded after multiple gunmen opened fire at a bar., Puerto Rico,2009
6,"August 4, 2009","Collier Township, Pennsylvania",4,9,13,"2009 Collier Township shooting: A man entered a woman's aerobics class and opened fire, killing three people and injuring nine before committing suicide.[204]", Pennsylvania,2009
7,"April 4, 2009","Pittsburgh, Pennsylvania",3,3[n 1],6,"2009 shooting of Pittsburgh police officers: A man opened fire on police officers responding to a domestic violence 9-1-1 call, killing three and injuring two before he was arrested.[205]", Pennsylvania,2009
8,"April 3, 2009","Binghamton, New York",14,4,18,"Binghamton shooting: A man shot and killed thirteen people at a civic center in Binghamton, New York, before committing suicide.", New York,2009
9,"March 29, 2009","Carthage, North Carolina",8,3[n 1],11,"Carthage nursing home shooting: A man attacked the workplace of his estranged wife, killing eight people and wounding two others before being arrested.", North Carolina,2009
10,"March 10, 2009","Geneva and Samson, Alabama",11,6,17,Geneva County shootings: A man killed ten people and wounded six others in a shooting spree before committing suicide.[206], Alabama,2009
11,"December 24, 2008","Covina, California",10,3,13,Covina massacre: A man entered his former in-laws' home armed with four handguns and a homemade flamethrower. He killed nine people and injured three before committing suicide.[207], California,2008
12,"September 2, 2008","Skagit County, Washington",6,2,8,2008 Skagit County shootings: A man killed six people and wounded two others in several locations before being arrested by police., Washington,2008
13,"July 27, 2008","Knoxville, Tennessee",2,7[n 20],9,"Knoxville Unitarian Universalist church shooting: A former truck driver opened fire at a church during a church youth performance, killing two and wounding six before being restrained by churchgoers. A manifesto written by the gunman attributed the shooting to hatred of liberals, Democrats, African-Americans, and homosexuals.", Tennessee,2008
14,"June 25, 2008","Henderson, Kentucky",6,1,7,Atlantis Plastics shooting: A plastic factory worker shot his superintendent and five co-workers before committing suicide., Kentucky,2008
15,"February 14, 2008","DeKalb, Illinois",6,21,27,"Northern Illinois University shooting: A former graduate student entered a lecture hall and opened fire, killing five people and wounding twenty-one before committing suicide.", Illinois,2008
16,"February 7, 2008","Kirkwood, Missouri",7,1,8,"Kirkwood City Council shooting: A man opened fire during a public city council meeting, killing six people and injuring one other before being shot and killed by police.[208]", Missouri,2008
17,"February 2, 2008","Tinley Park, Illinois",5,1,6,Lane Bryant shooting: Four customers and the clothing store manager were killed and a part-time employee was injured in a robbery gone awry.[209], Illinois,2008
18,"February 1, 2008","Cockeysville, Maryland",4,0,4,Browning family murders: A fifteen-year-old boy shot and killed his parents and two brothers in their home. The gunman allegedly killed his family so he would not be required to share his inheritance.[210], Maryland,2008
19,"December 24, 2007","Carnation, Washington",6,0,6,"2007 Carnation murders: A woman and her boyfriend killed the former's parents, brother, sister-in-law, niece, and nephew at the parent's home.", Washington,2007
20,"December 9, 2007","Arvada and Colorado Springs, Colorado",5,5,10,"2007 Colorado YWAM and New Life shootings: A man stormed a dormitory at the Youth With A Mission organization in Arvada, Colorado, before driving to Colorado Springs and attacking the New Life Church. He killed four people and wounded five others before committing suicide.", Colorado,2007
21,"December 5, 2007","Omaha, Nebraska",9,6,15,Westroads Mall shooting: A 19-year-old killed eight people and wounded four in a Von Maur department store at the Westroads Mall before committing suicide., Nebraska,2007
22,"October 10, 2007","Cleveland, Ohio",1,5[n 21],6,2007 SuccessTech Academy shooting: A fourteen-year-old student wounded four at his school before committing suicide.[211], Ohio,2007
23,"October 7, 2007","Crandon, Wisconsin",7,1,8,Crandon shooting: An off-duty sheriff's deputy entered a homecoming party at a duplex with a semiautomatic rifle and killed six people and wounded one. He killed himself later that day., Wisconsin,2007
24,"August 12, 2007","Neosho, Missouri",3,5,8,"Neosho church shooting: A man killed three people and wounded five others at a church, specifically targeting church leaders. The shooter surrendered to law enforcement.[212]", Missouri,2007
25,"June 14, 2007","Joliet, Illinois",4,1[n 1],5,Vaughn family murders: Four family members were fatally shot and another wounded inside a car. The wounded husband was arrested and convicted of the murders.[213], Illinois,2007
26,"April 16, 2007","Blacksburg, Virginia",33,17,50,"Virginia Tech shooting: A 23-year-old student killed thirty-two students and teachers, and wounded seventeen others. Other people were injured attempting to escape. When police stormed the building he was in, the shooter killed himself.", Virginia,2007
27,"March 14, 2007",New York City,4,0,4,2007 New York City shooting: A man shot and killed a man inside a Pizzeria and two NYPD Auxiliary officers before being shot and killed by police.,New York City,2007
28,"February 12, 2007","Salt Lake City, Utah",6,4,10,Trolley Square shooting: A man opened fire in a parking garage and shopping mall and killed five people and injured four others before being killed by police., Utah,2007
29,"October 2, 2006","Bart Township, Lancaster County, Pennsylvania",6,5,11,"West Nickel Mines School shooting: A man took hostages in an Amish schoolhouse, and killed five schoolgirls and injured five others before committing suicide.", Pennsylvania,2006
30,"July 28, 2006","Seattle, Washington",1,6[n 22][n 16],7,"Seattle Jewish Federation shooting: The perpetrator forced his way into the building, repeatedly shouting that he was angry at Israel and wanted to make a statement, he killed one and injured six.[214]", Washington,2006
31,"June 25, 2006","Denver, Colorado",2,5,7,"2006 Denver shooting: A man fired a handgun at his co-workers in a Safeway warehouse, killing one and wounding four. The perpetrator was killed and an officer was wounded in a gunfight with police.[215]", Colorado,2006
32,"June 1, 2006","Indianapolis, Indiana",7,0,7,Hamilton Avenue murders: Two perpetrators killed a family of seven in a house at 560 North Hamilton Avenue., Indiana,2006
33,"May 29, 2006","Milwaukee, Wisconsin",2,3,5,"Memorial Day park shooting: A man shot five people execution-style during a Memorial Day picnic, killing two. The primary suspect, the ex-husband of one of the injured, was placed on the FBI Ten Most Wanted Fugitives list, captured in 2022, and died in custody in 2023.[216]", Wisconsin,2006
34,"March 25, 2006","Seattle, Washington",7,2,9,"Capitol Hill massacre: A guest returned to a house party armed with a shotgun and a semiautomatic handgun. He shot indiscriminately, killing six people and injuring two, before committing suicide.", Washington,2006
35,"January 30, 2006","Goleta, California",8,0,8,"Goleta postal facility shootings: A woman killed her neighbor before driving to the mail processing plant, where she shot and killed six people before committing suicide.", California,2006
36,"November 20, 2005","Tacoma, Washington",0,6,6,Tacoma Mall shooting: A man attempted suicide by cop by opening fire in a shopping mall with an illegal MAK 90 semi-automatic rifle and a pistol. He injured six people and took four hostages before surrendering to a SWAT team., Washington,2005
37,"May 30, 2005","Oklahoma City, Oklahoma",4,0,4,"Oklahoma City home shooting: Several men invaded a trailer home and forced four people outside, where they were shot to death with a rifle. The perpetrators believed that one of the victims had been responsible for a motorcycle accident that left one of the perpetrators severely injured.[217]", Oklahoma,2005
38,"March 21, 2005","Red Lake, Minnesota",10,5,15,Red Lake shootings: A 16-year-old student killed nine people and wounded five others before committing suicide., Minnesota,2005
39,"March 12, 2005","Brookfield, Wisconsin",8,4,12,"Living Church of God shooting: A man shot and killed seven members of his church and wounded four others, before committing suicide in a Sheraton hotel.[218]", Wisconsin,2005
40,"February 24, 2005","Tyler, Texas",3,4,7,"Tyler courthouse shooting: A man shot his ex-wife and son outside a courthouse, killing his wife. Following a shootout the man shot a resident who tried to intervene, before fleeing and dying after a shootout with police.", Texas,2005
41,"December 8, 2004","Columbus, Ohio",5,3,8,"Columbus nightclub shooting: A deranged fan killed four, including musician Dimebag Darrell, and wounded three others before being killed by police.", Ohio,2004
42,"November 21, 2004","Meteor, Wisconsin",6,2,8,Hunting Trip (2004): A man shot eight people while on a hunting trip in northern Wisconsin; six were killed and two were wounded., Wisconsin,2004
43,"June 17, 2004","Birmingham, Alabama",3,1,4,"2004 shooting of Birmingham police officers: A man shot at police in a crack house, killing three and wounding one.[219]", Alabama,2004
44,"March 12, 2004","McKinney, Texas",4,0,4,McKinney quadruple murder: Three men killed four people in a robbery.[220], Texas,2004
45,"March 12, 2004","Fresno, California",9,0,9,Wesson family murders: A man convicted of the molestation and murders of his children and nieces shot and killed nine members of his family during a standoff over a child custody dispute.[221], California,2004
46,"December 10, 2003","Sugar Land, Texas",2,2[n 1],4,"2003 Sugar Land murders: A friend of a man shot three of the man's family members, killing two. The two then staged a struggle in which the friend shot the man. The man escaped to Mexico and was apprehended in 2005.[222]", Texas,2003
47,"November 6, 2003","Chesnee, South Carolina",4,0,4,Superbike murders: A disgruntled customer shot and killed four people at a motorcycle shop.[223], South Carolina,2003
48,"July 18, 2003","Clear Lake City, Texas",4,0,4,"Clear Lake murders: A seventeen-year-old girl, accompanied by her boyfriend, shot and killed four people following an argument over drugs. One of the victims was also beaten.[224]", Texas,2003
49,"July 8, 2003","Meridian, Mississippi",7,8,15,"Lockheed Martin shooting: A man opened fire at his workplace, killing six and wounding eight before committing suicide.[225]", Mississippi,2003
50,"July 6, 2003","Bakersfield, California",5,0,5,Brothers family murders: A man shot and killed five family members before fleeing. He was arrested in 2004 and sentenced to death.[226], California,2003
51,"June 14, 2003","Madison County, Montana",1,10[n 1],11,"2003 Ennis shooting: A man opened fire on a group of people outside of a bar, and then engaged in a high speed chase and shootout with law enforcement, he killed one and injured 10 including himself.[227]", Montana,2003
52,"April 14, 2003","New Orleans, Louisiana",1,3,4,John McDonogh High School shooting: Two perpetrators opened fire in the school gymnasium and killed one student and wounded three others.[228], Louisiana,2003
53,"July 4, 2002","Los Angeles, California",3,5[n 23],8,"2002 Los Angeles International Airport shooting: The gunman opened fire at a line of passengers at a ticket counter, he killed two and injured five before being killed by a security officer.[229]", California,2002
54,"January 16, 2002","Grundy, Virginia",3,3,6,"Appalachian School of Law shooting: A former student opened fire after a meeting with a professor in the offices of the dean of students and a professor, killing them and a student and injured three other students before he was subdued by a Marine veteran.[230]", Virginia,2002
55,"April 14, 2001","Elgin, Illinois",2,14,16,"JB's Pub shooting: A man kicked out of a bar for harassing female customers and employees went home, retrieved several guns, and opened fire, shooting 16 people, 2 fatally. Five other people suffered cuts and bruises.[231]", Illinois,2001
56,"March 5, 2001","Santee, California",2,13,15,"Santana High School shooting: A 15-year-old student entered a boys bathroom and shot another student then left and began to fire widely, another student was killed and thirteen were injured.[232]", California,2001
57,"February 5, 2001","Melrose Park, Illinois",5,4,9,"2001 Navistar shooting: A 66-year-old man entered his old workplace with an AK-47 and shot eight people, killing four, before turning the gun on himself.[233]", Illinois,2001
58,"December 28, 2000","Philadelphia, Pennsylvania",7,3,10,"Lex Street massacre: Ten people were shot in a crack house, seven fatally.[234]", Pennsylvania,2000
59,"December 26, 2000","Wakefield, Massachusetts",7,0,7,"Wakefield massacre: Michael McDermott, an application support employee, shot and killed seven co-workers.", Massachusetts,2000
60,"September 22, 2000","Roanoke, Virginia",1,6,7,"2000 Roanoke shooting: A man entered a gay bar and shot at patrons, killing one and wounding six before being arrested.[235]", Virginia,2000
61,"May 24, 2000","New York City, New York",5,2,7,Wendy's massacre: Two robbers locked seven employees in the restaurant freezer and shot and killed five and wounded two during a robbery.[236], New York,2000
62,"March 20, 2000","Irving, Texas",5,1,6,Irving car wash shooting: A former employee entered a car wash and shot and killed five people and wounded another during a robbery. One of the victims also had his throat slit.[237], Texas,2000
63,"March 1, 2000","Wilkinsburg, Pennsylvania",3,2,5,2000 Wilkinsburg shooting: The perpetrator shot and killed three people in a racially motivated shooting spree.[238], Pennsylvania,2000
0,"August 3, 2010","Manchester, Connecticut",9,2,11,"Hartford Beer Distributors shooting: An employee of Hartford Distributors, a beer distribution company, was fired. In retaliation he shot and killed eight coworkers and injured two others before committing suicide.", Connecticut,2010
1,"May 20, 2010","West Memphis, Arkansas",4,2,6,"2010 West Memphis police shootings: A father and son shot two police officers during a traffic stop, killing both, before getting into a shootout with officers in a Walmart parking lot. In the shootout both shooters were killed and two more officers wounded.", Arkansas,2010
2,"February 12, 2010","Huntsville, Alabama",3,3,6,"2010 University of Alabama in Huntsville shooting: A biology professor opened fire on other faculty members, killing three and injuring three others, before she was arrested.", Alabama,2010
3,"January 19–20, 2010","Appomattox, Virginia",8,0,8,2010 Appomattox shootings: A man shot and killed four family members and four other individuals before being apprehended by police.[198], Virginia,2010
4,"January 12, 2010","Kennesaw, Georgia",4,1,5,"Penske office shooting: A former employee of a Penske truck rental business shot five people, four employees and one customer, at the business. Four people were killed and a fifth injured.", Georgia,2010
5,"January 7, 2010","St. Louis, Missouri",4,5,9,ABB plant shooting: An employee opened fire in the parking lot of an ABB Group power plant before entering the factory. He killed three people and injured five before committing suicide.[199], Missouri,2010
0,"December 16, 2011","Irwindale, California",3,2,5,"Southern California Edison shooting: An employee opened fire during the workday, and killed two and wounded two others before committing suicide.[195]", California,2011
1,"October 12, 2011","Seal Beach, California",8,1,9,Seal Beach shooting: A man entered his ex-wife's workplace and shot and killed eight people and injured one. He then fled the scene and was later arrested., California,2011
2,"September 6, 2011","Carson City, Nevada",5,7,12,"Carson City IHOP shooting: A man opened fire inside and outside an IHOP, and then targeted nearby local businesses. He killed four people and injured seven before committing suicide.", Nevada,2011
3,"August 7, 2011","Copley Township, Ohio",8,1,9,"2011 Copley Township shooting: A man killed seven people; including a 16-year-old and an 11-year-old, and injured one between three homes before being killed by responding police.[196]", Ohio,2011
4,"July 7, 2011","Grand Rapids, Michigan",8,2,10,"Grand Rapids mass murder: A man killed seven people and wounded two in a spree shooting in two homes, then took hostages in a third before committing suicide.", Michigan,2011
5,"June 19, 2011","Medford, New York",4,0,4,2011 Medford shooting: A man killed four people in a pharmacy robbery gone wrong. He was sentenced to life imprisonment.[197], New York,2011
6,"January 8, 2011","Casas Adobes, Arizona",6,15[n 1],21,2011 Tucson shooting: A man killed six people and injured fifteen during an assassination attempt of U.S. Representative Gabrielle Giffords before he was tackled and arrested. Giffords was wounded in the attack but survived., Arizona,2011
0,"December 24, 2012","Webster, New York",4,3,7,"2012 Webster shooting: A man set fire to his home and the family car before opening fire on responding firefighters, two were killed and three wounded before he committed suicide, a fourth body was found in the house.[186]", New York,2012
1,"December 14, 2012","Newtown, Connecticut",28,2,30,"Sandy Hook Elementary School shooting: A 20-year-old killed his mother before shooting and killing twenty children and six adults at Sandy Hook Elementary School in Newtown, Connecticut. He then committed suicide.", Connecticut,2012
2,"December 11, 2012","Clackamas, Oregon",3,1,4,"Clackamas Town Center shooting: A 22-year-old opened fire at the town center wearing a hockey mask, and killed two people and injured a third before fumbling with his weapon and being unable to reload. He committed suicide in a stairwell of the location.[187]", Oregon,2012
3,"November 6, 2012","Fresno, California",3,2,5,"Fresno meat plant shooting: A man shot four coworkers, two fatally, at the meat processing plant he worked at before walking outside and fatally shooting himself in the head.[188]", California,2012
4,"October 21, 2012","Brookfield, Wisconsin",4,4[n 16],8,"Azana Spa shooting: The perpetrator drove to his ex-wife's work place and waited until she was there to confront her and shot and killed her and two other women, and injured four others before committing suicide.[189]", Wisconsin,2012
5,"September 27, 2012","Minneapolis, Minnesota",7,2,9,"Accent Signage Systems shooting: A former employee entered a local sign-making business, and killed five and wounded four; two of the four later died of their wounds, the perpetrator committed suicide.[190]", Minnesota,2012
6,"August 24, 2012","New York City, New York",2,9,11,2012 Empire State Building shooting: A man shot and killed a former co-worker before engaging in a shoot-out with the New York police in which nine bystanders were wounded and the perpetrator was killed.[191], New York,2012
7,"August 13, 2012","College Station, Texas",3,4,7,"2012 College Station shooting: The perpetrator fatally shot an officer attempting to serve him a notice to appear in court, he then injured a neighbor and engaged in a shootout with responding officers until he was killed by the officers.[192]", Texas,2012
8,"August 5, 2012","Oak Creek, Wisconsin",7,4,11,"Wisconsin Sikh temple shooting: The perpetrator, a member of the Hammerskins and various white power and neo-Nazi bands, fatally shot six people at a Sikh temple before being killed by responding police officers.", Wisconsin,2012
9,"July 20, 2012","Aurora, Colorado",12,70,82,"Aurora, Colorado, movie theater shooting: A shooter, 24-year-old James Eagan Holmes, stormed a late-night premiere of The Dark Knight Rises and shot and killed twelve people and wounded seventy others. He was sentenced to life in prison without the possibility of parole.", Colorado,2012
10,"May 30, 2012","Seattle, Washington",6,1,7,"Seattle cafe shooting spree: A patron who had been previously thrown out of the cafe, entered and killed four people and wounded one, shortly after he killed a woman during a carjacking and then committed suicide.[193]", Washington,2012
11,"May 2, 2012","Gilbert, Arizona",5,0,5,"Gilbert home shooting: A neo-Nazi shot and killed his girlfriend, her daughter, the daughter's boyfriend, and their infant daughter, before killing himself.", Arizona,2012
12,"April 13, 2012","Brooklyn, Ohio",4,0,4,A man shot his wife and 2 daughters at a Cracker Barrel before being killed by police.[194], Ohio,2012
13,"April 2, 2012","Oakland, California",7,3,10,"2012 Oikos University shooting: A former student opened fire in a classroom and fatally shot seven people, leaving three wounded.", California,2012
14,"February 27, 2012","Chardon, Ohio",3,3,6,"2012 Chardon High School shooting: A seventeen-year-old entered Chardon High School and fired at students sitting in the cafeteria, killing three and wounding three others before being arrested.", Ohio,2012
0,"November 1, 2013","Los Angeles, California",1,4[n 1],5,"2013 Los Angeles International Airport shooting: A man entered the Los Angeles International Airport, killed a TSA agent, and wounded three other people. He was injured when shot several times by police.[177]", California,2013
1,"September 16, 2013",Washington D.C.,13,8,21,Washington Navy Yard shooting: A gunman entered the Naval Sea Systems Command headquarters in the Washington Navy Yard with a civilian contractor pass. He killed twelve people and injured eight before being killed by police.[178],Washington D.C.,2013
2,"August 5, 2013","Saylorsburg, Pennsylvania",3,4[n 1],7,"Ross Township Municipal Building shooting: A man entered a meeting of township supervisors and killed three people, injuring three others. The gunman was also injured when his gun went off and hit his own leg as two men wrestled him to the ground and took away his weapon. The shooting was suspected to be motivated by a longstanding feud in which the gunman's property rights had been taken away. He was sentenced to life in prison.[179][180]", Pennsylvania,2013
3,"July 26, 2013","Hialeah, Florida",7,0,7,2013 Hialeah shooting: A man lit his apartment on fire and killed six other people in his apartment building before being killed by a SWAT team.[181], Florida,2013
4,"June 7, 2013","Santa Monica, California",6,4,10,2013 Santa Monica Shootings: A man killed his family and burned down his house before committing a mass shooting at Santa Monica College. He was later killed in a shootout with police.[182], California,2013
5,"March 13, 2013","Mohawk and Herkimer, New York",5,2,7,"Herkimer County shootings: A man set fire to his apartment, shot and killed two people and injured two others at a barbershop, and shot and killed two people at a car wash. The shooter was cornered in an abandoned bar by police, leading to an overnight standoff. A police dog was sent into the building the next morning: when the man shot and killed the dog, the police returned fire, killing the man.[183][184]", New York,2013
6,"January 19, 2013","South Valley, New Mexico",5,0,5,2013 South Valley homicides: A fifteen-year-old murdered his parents and three siblings in their home. He was arrested by police.[185], New Mexico,2013
0,"December 15, 2014","Montgomery County, Pennsylvania",7,1,8,"2014 Montgomery County shootings: Six people were found dead and one wounded in three locations across Montgomery County. The shooter was found dead the next day after committing suicide by overdose. One of the victims was the shooter's ex-wife, the others were her relatives.[171]", Pennsylvania,2014
1,"October 24, 2014","Marysville, Washington",5,1,6,2014 Marysville Pilchuck High School shooting: A fifteen-year-old killed four people and injured one other in the cafeteria of Marysville Pilchuck High School before killing himself.[172], Washington,2014
2,"July 9, 2014","Spring, Texas",6,1,7,2014 Harris County shooting: A man killed six of his family members and wounding a seventh. He was arrested after a brief chase and a standoff that lasted several hours.[173], Texas,2014
3,"May 23, 2014","Isla Vista, California",7,14[n 19],21,"2014 Isla Vista killings: Several hours after stabbing and killing his three roommates, Elliot Rodger drove to a sorority house near the University of California, Santa Barbara and knocked on the door. After receiving no answer, he began shooting at people nearby, killing two members of another sorority and injuring a third. He then returned to his car and continued to shoot at random people from within his vehicle before killing himself with a gunshot.[174] The attack is believed to have been motivated by the killer's hatred of women and frustration with his dating and family life.[175]", California,2014
4,"April 2, 2014","Fort Hood, Texas",4,14,18,"2014 Fort Hood shootings: After being denied leave from the Fort Hood military base where he was stationed, a man killed three people and injured fourteen before killing himself.[176]", Texas,2014
0,"December 2, 2015","San Bernardino, California",16,22,38,"2015 San Bernardino attack: A married couple opened fire on the husband's colleagues at a work training event. They killed fourteen people and injured twenty-two before being killed in a shootout with police. Pipe bombs set at their residence failed to detonate. The two perpetrators are believed to have been radicalized, though not believed to have been directly connected to a specific foreign terrorist organization.[156]", California,2015
1,"November 27, 2015","Colorado Springs, Colorado",3,9,12,Colorado Springs Planned Parenthood shooting: A man killed two civilians and a police officer and wounded nine others inside a Planned Parenthood clinic before surrendering to police. The shootings are suspected to have been motivated by the suspect's anti-abortion views.[157], Colorado,2015
2,"November 23, 2015","Minneapolis, Minnesota",0,5,5,"Shooting of protesters at a Black Lives Matter protest: During a Black Lives Matter protest related to the shooting of Jamar Clark, a man opened fire and injured five protestors. The perpetrator was later arrested.[158]", Minnesota,2015
3,"October 31, 2015","Colorado Springs, Colorado",4,0,4,"October 2015 Colorado Springs shooting. Noah Harpham killed three. Harpham was open carrying with his rifle for some time, before randomly opening fire on random people on the street[159]", Colorado,2015
4,"October 9, 2015","Flagstaff, Arizona",1,3,4,"2015 Northern Arizona University shooting: A freshman at Northern Arizona University shot four students, killing one.[160]", Arizona,2015
5,"October 1, 2015","Roseburg, Oregon",10,8,18,"2015 Umpqua Community College shooting: A student at Umpqua Community College killed nine people and injured eight others on the college campus. After being wounded by police officers, he killed himself.[161]", Oregon,2015
6,"August 26, 2015","Moneta, Virginia",3,1,4,"Murders of Alison Parker and Adam Ward: An enraged former employee for WDBJ (Bryce Williams) carried out a preplanned shooting targeting 3 reporters, conducting a live TV interview near Smith Mountain Lake. Alison Parker was fatally shot, and the cameraman Adam Ward was also killed. Vicki Gardner was also shot, but survived. He fled the scene in his car then took off on foot while a massive manhunt was underway. Before police could approach Williams, he committed suicide by shooting himself. He stated that the motive was the Charleston church shooting and possible discrimination at his workplace.[162]", Virginia,2015
7,"August 8, 2015","Harris County, Texas",8,0,8,"2015 Harris County shooting: A man broke into his ex-girlfriend's home and held her hostage along with her husband and six children, one of whom was his son. Over the course of nine hours, he killed everyone in the home. After a shootout with police, he surrendered and was taken into custody.[163]", Texas,2015
8,"July 23, 2015","Lafayette, Louisiana",3,9,12,"2015 Lafayette shooting: A gunman killed two people and injured nine in a shooting at a movie theater. After trying to blend into the crowd leaving the theater, the gunman heard sirens, returned to the theater, and killed himself.[164]", Louisiana,2015
9,"July 16, 2015","Chattanooga, Tennessee",6,2,8,"2015 Chattanooga shootings: A man committed a drive-by shooting at a military recruitment center in a strip mall, wounding one Marine. With police in pursuit, he drove to a U.S. Navy Reserve center and rammed his vehicle through a gate. He fatally wounded a Navy sailor, killed four Marines, and wounded a police officer before being killed by a naval commander.[165] The FBI later determined the gunman had been motivated by propaganda published by terrorist organizations.[166]", Tennessee,2015
10,"June 17, 2015","Charleston, South Carolina",9,1,10,"Charleston church shooting: white supremacist Dylann Roof killed nine black people during a prayer service at the Emanuel African Methodist Episcopal Church, wounding one other. He was taken into custody by police, and later said that he committed the shootings in an attempt to start a ""race war"".[167][168]", South Carolina,2015
11,"May 17, 2015","Waco, Texas",9,18,27,"2015 Waco shootout: Gunfire broke out at a restaurant where members of several motorcycle clubs had gathered to discuss political rights for motorcyclists. Members of the clubs and police were both involved in the gunfire. Nine people were killed and eighteen were injured in the shootout, all members of the motorcycle clubs. The shooting may have resulted from a territorial dispute between two of the motorcycle clubs.[169]", Texas,2015
12,"February 26, 2015","Tyrone, Missouri",8,1,9,2015 Tyrone shooting: A man killed seven people and wounded one after going door-to-door and shooting people in four separate homes. Four of the people he killed were family members. The man then killed himself. The shooting was possibly motivated by the man finding his mother dead from natural causes.[170], Missouri,2015
0,"September 28, 2016","Townville, South Carolina",2,3,5,2016 Townville Elementary School shooting: A fourteen-year-old shot and killed his father before driving to the local elementary school and injuring three students and a teacher. One student later died of his injuries. The shooter was later arrested.[144], South Carolina,2016
1,"September 23, 2016","Burlington, Washington",5,0,5,Cascade Mall shooting: A man killed five people at the Cascade Mall. He was arrested a day later. The shooter later killed himself while in jail.[145], Washington,2016
2,"August 20, 2016","Citronelle, Alabama",6,0,6,2016 Citronelle homicides: A man killed six people (including an unborn child) while they were sleeping in a home. He was arrested by police.[146], Alabama,2016
3,"July 30, 2016","Mukilteo, Washington",3,1,4,2016 Mukilteo shooting: A student at the University of Washington killed three people and injured one other in a shooting at a party. One of the people he killed was his ex-girlfriend. The shooter was arrested and sentenced to life in prison.[147], Washington,2016
4,"July 17, 2016","Baton Rouge, Louisiana",5,2,7,"2016 shooting of Baton Rouge police officers: A gunman killed four law enforcement officers, one of whom died in 2022, and injured three others. The gunman was killed by a member of the SWAT team that responded to the shooting. The shooting is believed to have been related to the unrest in Baton Rouge following the shooting of Alton Sterling, and the gunman was involved with black separatist and sovereign citizen organizations.[148][149]", Louisiana,2016
5,"July 11, 2016","St. Joseph, Michigan",3,2,5,St. Joseph courthouse shooting: A handcuffed inmate killed two bailiffs and injured a deputy and another woman after taking a deputy's gun in a courthouse. The inmate was killed by two other bailiffs.[150], Michigan,2016
6,"July 7, 2016","Dallas, Texas",6,11,17,2016 shooting of Dallas police officers: A shooter killed five police officers and wounded nine other officers and two civilians at a protest over the police shootings of Alton Sterling and Philando Castile. The shooter was killed by a bomb delivered by a remote control vehicle. He is believed to have been motivated by retribution for black men killed by police.[151], Texas,2016
7,"June 12, 2016","Orlando, Florida",50,58,108,"Pulse nightclub shooting: A gunman, Omar Mateen, killed 49 people and wounded 53 others in a shooting at Pulse, a gay nightclub. The gunman was killed in a shootout with the police.[152]", Florida,2016
8,"March 9, 2016","Wilkinsburg, Pennsylvania",6,3,9,"2016 Wilkinsburg shooting: Six people (including an unborn child) were killed and three were injured by two gunmen in an attack during a backyard party. One person with a handgun drove the partygoers toward a backyard porch, where the second shot at them with an assault-style rifle.[153]", Pennsylvania,2016
9,"March 7–8, 2016","Kansas City, Kansas, and Montgomery County, Missouri",5,0,5,2016 Kansas–Missouri murder spree: Four people were killed at a home and another was shot and killed the following day. The perpetrator was arrested the next day., Missouri,2016
10,"February 25, 2016","Hesston and Newton, Kansas",4,14,18,Hesston shootings: A man killed three people and injured fourteen others in an attack at his workplace. He had been served with a temporary order of protection shortly before he began shooting. He was killed by police who responded to the scene.[154], Kansas,2016
11,"February 20, 2016","Kalamazoo, Michigan",6,2,8,2016 Kalamazoo shootings: An Uber driver killed six people and wounded two others in a series of shootings targeting random people.[155], Michigan,2016
0,"December 31, 2017","Highlands Ranch, Colorado",2,6,8,"Copper Canyon Apartment Homes shooting: After being called to a home for a report of a disturbance, five police officers were shot in an ""ambush-style"" attack. One officer was killed and the other four were wounded. Two other people were also wounded in a neighboring apartment. Officers later re-entered the apartment with a SWAT team and killed the suspect; another officer was injured in this exchange.[123]", Colorado,2017
1,"November 5, 2017","Sutherland Springs, Texas",27,22,49,"Sutherland Springs church shooting: A gunman approached the First Baptist Church in Sutherland Springs and killed two people outside before entering and shooting at the congregation, killing 26 people (including an unborn child) and injuring 22. He was confronted by a local man with a gun, and they exchanged gunfire before entering a vehicle. The man flagged down another person and they began a high-speed chase of the gunman, which ended when the gunman went off the road and was found dead from a self-inflicted gunshot wound.[124][125][126]", Texas,2017
2,"October 1, 2017","Paradise, Nevada",61,411,472,"2017 Las Vegas shooting: A man on the 32nd floor of a hotel opened fire on a country music festival happening outside, killing 60 people and injuring 867 others, with 411 of them suffering from gunshot wounds. The man then killed himself.[127][128][129][130][131]", Nevada,2017
3,"September 24, 2017","Antioch, Tennessee",1,8[n 1],9,"Burnette Chapel shooting: A man killed a woman outside the Burnette Chapel Church of Christ before entering the chapel and wounding seven others. During a struggle with an usher, the man shot himself in the chest. The usher ran to his car to get his own pistol and held the man at gunpoint until police arrived to arrest him.[132]", Tennessee,2017
4,"September 10, 2017","Plano, Texas",9,1,10,"2017 Plano shooting: A man entered his ex-wife's home while she was hosting a football-watching party and killed her and seven others, and wounded one other. He was killed by police.[133]", Texas,2017
5,"August 28, 2017","Clovis, New Mexico",2,4,6,Clovis library shooting: A sixteen-year-old killed two people and wounded four others at a public library before surrendering to police.[134], New Mexico,2017
6,"July 1, 2017","Little Rock, Arkansas",0,28,28,Little Rock nightclub shooting: Twenty-eight people were injured (twenty-five directly by gunfire) when shooting broke out in a nightclub where rapper Finese 2Tymes was performing.[135], Arkansas,2017
7,"June 30, 2017","New York City, New York",2,6,8,Bronx-Lebanon Hospital attack: A former hospital employee killed a doctor and wounded six others before he committed suicide., New York,2017
8,"June 14, 2017","San Francisco, California",4,5,9,"San Francisco UPS shooting: A gunman entered his workplace and singled out coworkers, killing three and wounding five, before committing suicide.[136]", California,2017
9,"June 14, 2017","Alexandria, Virginia",1,6,7,"Congressional baseball shooting: A gunman shot and wounded four people, including Republican Congressman and House Majority Whip Steve Scalise, while they were practicing for the Congressional Baseball Game. Two others were also injured in other ways. The gunman was killed after being engaged by Capitol police officers assigned to protect Scalise and by police officers responding to the scene.[137]", Virginia,2017
10,"June 8, 2017","Eaton Township, Pennsylvania",4,0,4,Eaton Township Weis Markets shooting: An employee of a Weis Markets supermarket who was working a night shift barricaded the exits and killed three coworkers before killing himself.[138], Pennsylvania,2017
11,"June 6, 2017","Sandy, Utah",3,2,5,"Sandy, Utah attack: A man rammed a vehicle containing his ex-girlfriend, three children and one other adult, opened fire, killing two and wounding two, then committed suicide.[139]", Utah,2017
12,"June 5, 2017","Orlando, Florida",6,0,6,Orlando factory shooting: A former employee entered the factory through a rear exit and killed five employees and then himself.[140], Florida,2017
13,"May 27, 2017","Lincoln County, Mississippi",8,1[n 1],9,"2017 Mississippi shootings: A man killed eight people, including several family members and a sheriff's deputy, at three separate houses. He was injured by police and then arrested. The shooter later said he had intended to commit suicide by cop.[141]", Mississippi,2017
14,"May 12, 2017","Kirkersville, Ohio",4,0,4,"Kirkersville shooting: After taking two people hostage, a man shot and killed a police officer and two nurses at a nursing home before he killed himself.", Ohio,2017
15,"March 26, 2017","Cincinnati, Ohio",2,16,18,Cincinnati nightclub shooting: Two men were killed and sixteen people were wounded after a fight escalated into a shooting at a crowded nightclub. One person was arrested.[142], Ohio,2017
16,"January 6, 2017","Broward County, Florida",5,6,11,"Fort Lauderdale airport shooting: A man killed five people and injured six in a shooting at Fort Lauderdale–Hollywood International Airport before running out of ammunition and lying on the ground to surrender to police. Thirty to forty other people were also hurt, with injuries not directly caused by gunfire.[143]", Florida,2017
0,"November 11, 2018","Globe, Arizona",3,1,4,"Globe, Arizona shooting: A gunman shot four people outside a bar, three fatally, before fleeing the scene. He was later taken into custody.[98]", Arizona,2018
1,"November 11, 2018","Robbins, Illinois",1,4[n 1],5,"Shooting of Jemel Roberson: A man re-entered a bar after being ejected and began to fire, wounding three people and becoming injured himself. Armed security guards apprehended the suspect. Responding officers saw one of the security guards with a gun, and shot and killed him.[99]", Illinois,2018
2,"November 7, 2018","Thousand Oaks, California",13,16,29,"Thousand Oaks shooting: A man entered a bar hosting a student line-dancing event and killed 12 people, including a police officer. 16 other people were injured, one of them by gunfire. The gunman then killed himself.[100][101]", California,2018
3,"November 2, 2018","Tallahassee, Florida",3,5[n 6],8,"2018 Tallahassee shooting: A man entered a yoga studio and killed two women and injured five others; four by gunshots and one by pistol-whipping, before committing suicide.[102]", Florida,2018
4,"October 27, 2018","Pittsburgh, Pennsylvania",11,7[n 1],18,"Pittsburgh synagogue shooting: A man opened fire in the Tree of Life synagogue in an antisemitic attack, killing 11 people and injuring six others (including four police officers). The suspect, 46-year-old Robert G. Bowers, was taken into custody by police.[103][104]", Pennsylvania,2018
5,"October 3, 2018","Florence, South Carolina",2,10,12,"Florence shooting: Officers were shot at during a two-hour standoff while attempting to execute a search warrant. The perpetrator held children hostage, killing one and wounding seven before being arrested.[105]", South Carolina,2018
6,"September 20, 2018","Aberdeen, Maryland",4,3,7,Aberdeen shooting: An employee of the Rite Aid Distribution facility killed three victims before wounding herself. The shooter died later in the hospital.[106], Maryland,2018
7,"September 6, 2018","Cincinnati, Ohio",4,2,6,"2018 Cincinnati shooting: A gunman entered a loading dock at the Fifth Third Center skyscraper and opened fire before entering the lobby of a building. Four people, including the shooter, were killed and two were injured.[107]", Ohio,2018
8,"August 26, 2018","Jacksonville, Florida",3,11,14,"Jacksonville Landing shooting: A gunman killed two people and wounded eleven more (nine with gunshot wounds) at a Madden NFL 19 competition before killing himself. The shooter was identified as David Katz, an individual who had reportedly been eliminated from the competition before the shooting.[108][109][110]", Florida,2018
9,"June 28, 2018","Annapolis, Maryland",5,2,7,Capital Gazette shooting: A gunman entered the offices of The Capital Gazette and killed five employees and wounded two others.[111][112], Maryland,2018
10,"June 17, 2018","Trenton, New Jersey",1,22[n 2][n 14],23,Art All Night shooting: Several gunmen wounded 17 people at the Art All Night festival. Five others were wounded when they were trampled by people around them. One of the suspected gunmen was shot and killed by police. Police suspect the shooting was gang-related.[113], New Jersey,2018
11,"May 30–June 4, 2018","Scottsdale, Arizona",7,0,7,"2018 Scottsdale shootings: Over the course of several days, a man killed a forensic psychiatrist, two paralegals, a counselor, and a couple from whom he took a handgun. The suspect killed himself when police began closing in on him.[114][115]", Arizona,2018
12,"May 18, 2018","Santa Fe, Texas",10,14[n 1],24,"2018 Santa Fe High School shooting: A student at Santa Fe High School shot and killed 10 people and wounded 14 others. Explosive devices were also found, but they were not detonated. The suspect was taken into custody by police.[116]", Texas,2018
13,"April 22, 2018","Nashville, Tennessee",4,2,6,"Nashville Waffle House shooting: A gunman entered a Waffle House, where he killed four people and injured two others. He was later taken into custody.[117]", Tennessee,2018
14,"April 3, 2018","San Bruno, California",1,4[n 15],5,"YouTube headquarters shooting: A woman approached an outdoor patio at YouTube Headquarters and wounded three people before committing suicide, a fourth person was injured in the evacuation.[118]", California,2018
15,"March 9, 2018","Yountville, California",5,0,5,"Yountville shooting: A man entered the Veterans Home of California and held three staff members hostage. He killed the three staff members (and the unborn child of one of the staff members, who was pregnant) before killing himself in a murder–suicide.[119]", California,2018
16,"February 14, 2018","Parkland, Florida",17,17,34,"Parkland High School shooting: A former student of Marjory Stoneman Douglas High School entered the school, 19-year-old Nikolas Cruz, killed 17 people, and wounded 17 others. He was taken into custody by police. On October 13, 2022, he was sentenced to life in prison without the possibility of parole.[120][121]", Florida,2018
17,"January 23, 2018","Benton, Kentucky",2,16,18,2018 Marshall County High School shooting: A fifteen-year-old student killed two other students and injured sixteen others before discarding his weapon and attempting to hide among other students. He was apprehended by police.[122], Kentucky,2018
0,"December 10, 2019","Jersey City, New Jersey",6,3,9,"2019 Jersey City shooting: An officer approached a vehicle suspected of being used in a murder previously, he was shot and killed. In the resulting suspect chase and police confrontation the two suspects were killed, along with three other civilians, a civilian and two cops were wounded as well. The attack in question was committed by a Black Hebrew Israelite and targeted Jews living in Jersey City.", New Jersey,2019
1,"December 6, 2019","Pensacola, Florida",4,8,12,Naval Air Station Pensacola shooting: Three people were killed and 8 others were injured at a US Navy base. The suspect was killed by police., Florida,2019
2,"December 5, 2019","Miramar, Florida",4,1,5,"2019 Miramar shootout: Two suspects robbed a jewelry store which resulted in a police shootout that killed 2 people,[90] including a UPS truck driver who was on his 1st day on the job. Both suspects were killed by police.", Florida,2019
3,"November 17, 2019","Fresno, California",4,6,10,"2019 Fresno shooting: Ten people were shot, four fatally, at a football watch party.", California,2019
4,"November 14, 2019","Santa Clarita, California",3,3,6,2019 Saugus High School shooting: Two people were killed and three others were injured. The gunman then eventually committed suicide., California,2019
5,"October 31, 2019","Orinda, California",5,4,9,"Orinda shooting: An overnight block party attended by over 100 people ended with five people killed, and four more wounded by gunfire.", California,2019
6,"October 14, 2019","San Juan, Puerto Rico",6,0,6,2019 Río Piedras shooting: Six people were killed after a shootout near an apartment complex., Puerto Rico,2019
7,"August 4, 2019","Dayton, Ohio",10,27[n 12],37,"2019 Dayton shooting: A gunman shot 26 people, killing 9, including his transgender sibling, and wounding 17 others outside of a bar. Ten others were wounded as they fled the scene. The perpetrator was killed by police after the first shots were fired in 32 seconds.", Ohio,2019
8,"August 3, 2019","El Paso, Texas",23,22,45,"2019 El Paso shooting: A gunman shot 45 people, killing 23 and wounding 22 others at a Walmart Supercenter near the Cielo Vista Mall. The attack was a hate crime targeting Hispanic immigration and was influenced by the Christchurch mosque shootings. The perpetrator was arrested by police.", Texas,2019
9,"July 28, 2019","Gilroy, California",4,15,19,"Gilroy Garlic Festival shooting: A gunman killed three people, including a 6-year-old boy, attending Gilroy's annual Garlic Festival; 12 more people were injured. The shooter killed himself.", California,2019
10,"May 31, 2019","Virginia Beach, Virginia",13,4,17,2019 Virginia Beach shooting: A gunman killed 12 people and injured four others at a municipal building. The gunman was killed by police.[91], Virginia,2019
11,"May 7, 2019","Highlands Ranch, Colorado",1,8,9,"2019 STEM School Highlands Ranch shooting: A school shooting was reported at STEM School Highlands Ranch, around 1:50 p.m, two shooters targeted separate locations and killed one student and injured eight more before being arrested.[92]", Colorado,2019
12,"April 30, 2019","Charlotte, North Carolina",2,4,6,"2019 University of North Carolina at Charlotte shooting: Six people were shot, two fatally, on the last day of classes at the University of North Carolina at Charlotte. The student gunman was taken into custody after he ran out of ammunition.[93]", North Carolina,2019
13,"April 27, 2019","Poway, California",1,3,4,Poway synagogue shooting: One person was killed and at least three were wounded by a shooter at the Chabad of Poway synagogue.[94] The gunman was influenced by the Christchurch mosque shootings in New Zealand and claimed responsibility for the Escondido mosque fire the month prior, California,2019
14,"February 15, 2019","Aurora, Illinois",6,6,12,"Aurora, Illinois shooting: A 45-year-old man opened fire at a Henry Pratt Company plant and killed five people and injured six others. He was a former worker at the plant and he was killed in a shootout with police.", Illinois,2019
15,"January 28, 2019","Houston, Texas",2,5,7,Harding Street raid: Two homeowners were killed and five Houston Police Department officers wounded in a shootout during a no-knock raid.[95], Texas,2019
16,"January 26, 2019","Ascension and Livingston Parish, Louisiana",5,0,5,"January 2019 Louisiana shootings: A 21-year-old man killed five people, including his parents, in two parishes in Louisiana.[96]", Louisiana,2019
17,"January 23, 2019","Sebring, Florida",5,0,5,2019 Sebring shooting: Five people were killed in a hostage incident and shooting at a bank. The suspect was taken into custody by police.[97], Florida,2019
0,"December 8, 2020","Williamsburg, West Virginia",6,0,6,2020 Williamsburg massacre: A mother killed her five children with a shotgun before killing herself., West Virginia,2020
1,"November 20, 2020","Wauwatosa, Wisconsin",0,8,8,Mayfair Mall shooting: Eight people were hospitalized with non-life-threatening injuries after a person opened fire at the Mayfair Mall., Wisconsin,2020
2,"November 3, 2020","Henderson, Nevada",4,1,5,Henderson shooting: Three people were killed and one person was injured when a gunman opened fire at an apartment complex. The gunman was killed by police., Nevada,2020
3,"September 19, 2020","Rochester, New York",2,14,16,Rochester shooting: Two people were killed and fourteen others injured after a shooting at a party in Rochester., New York,2020
4,"March 15, 2020","Springfield, Missouri",5,2,7,"2020 Springfield, Missouri shooting: A man committed a series of random drive-by shootings before crashing his vehicle at a gas station. He entered the business, where he killed four people and wounded two others before committing suicide.[89]", Missouri,2020
5,"February 26, 2020","Milwaukee, Wisconsin",6,0,6,"Milwaukee brewery shooting: Five people were killed when a gunman opened fire at the local Molson Coors Beverage Company campus, where he had been employed. Afterwards, the gunman committed suicide.", Wisconsin,2020
6,"January 17, 2020","Grantsville, Utah",4,1,5,Haynie family murders: Four members of a family were killed and one was injured after a teenager fired at his family as they returned home., Utah,2020
0,"December 27, 2021","Denver/Lakewood, Colorado",6,2,8,"2021 Denver and Lakewood shootings: A gunman traveled to multiple businesses and homes, where he killed five people and wounded two others before being shot dead by police.[80]", Colorado,2021
1,"November 30, 2021","Oxford, Michigan",4,7,11,"2021 Oxford High School shooting: A shooter, a student at the school, opened fire on students, killing three and wounding seven students and a teacher before being arrested. One of the injured died afterwards.[81]", Michigan,2021
2,"September 23, 2021","Collierville, Tennessee",2,14,16,"Collierville Kroger shooting: A shooter opened fire in a Kroger, killing one and injuring 14, before taking his own life.[82]", Tennessee,2021
3,"May 30, 2021","Hialeah, Florida",3,20,23,"2021 Hialeah shooting: Three shooters stepped out of a SUV, and opened fire at concert goers, killing three and wounding 20 others.[83]", Florida,2021
4,"May 26, 2021","San Jose, California",10,0,10,"2021 San Jose shooting: Nine people were killed at a Santa Clara Valley Transportation Authority (VTA) rail yard in San Jose, California. after police arrived, The gunman committed suicide.[84][85]", California,2021
5,"April 15, 2021","Indianapolis, Indiana",9,7,16,Indianapolis FedEx shooting: Nine people were killed and seven others were wounded after a mass shooting at a FedEx facility. The shooter took his own life., Indiana,2021
6,"March 31, 2021","Orange, California",4,2[n 1],6,"2021 Orange, California office shooting: Four people, including a child, were killed at an Orange office complex.", California,2021
7,"March 22, 2021","Boulder, Colorado",10,2[n 1],12,"2021 Boulder shooting: A mass shooting occurred at a King Soopers supermarket in Boulder, Colorado, which left 10 people dead, including an on-duty police officer.", Colorado,2021
8,"March 16, 2021","Atlanta and Cherokee County, Georgia",8,1,9,"2021 Atlanta spa shootings: A series of mass shootings occurred at massage parlors in the Atlanta, Georgia metropolitan area. Eight people were killed in the incidents and one person was wounded.", Georgia,2021
9,"February 9, 2021","Buffalo, Minnesota",1,4,5,"Buffalo, Minnesota clinic attack: A nurse was killed and four other people were shot and seriously wounded inside of a health care clinic. The suspect, 67-year-old Gregory Paul Ulrich, was taken into police custody.[86][87]", Minnesota,2021
10,"February 2, 2021","Muskogee, Oklahoma",6,1,7,"2021 Muskogee shooting: Five children and one adult were shot and killed, and one other adult suffered life-threatening injuries, after a home shooting in Oklahoma. Suspect, 25-year-old Jarron Pridgeon, is currently under custody.[88]", Oklahoma,2021
11,"February 2, 2021","Sunrise, Florida",3,3,6,"2021 Sunrise, Florida shootout: Two FBI agents were shot and killed and three others wounded attempting to serve a warrant. The suspect barricaded himself in his home and opened fire before shooting and killing himself.", Florida,2021
12,"January 9, 2021","Chicago and Evanston, Illinois",6,2,8,"2021 Chicago–Evanston shootings: 32-year-old Jason Nightengale shot 8 people at random, killing 5, before being fatally shot by police.", Illinois,2021
0,"November 22, 2022","Chesapeake, Virginia",7,4,11,"2022 Chesapeake shooting: Six people were killed, and four others were injured, when a night-shift manager opened fire at a Walmart. The gunman then committed suicide.[61]", Virginia,2022
1,"November 19–20, 2022","Colorado Springs, Colorado",5,26[n 1][n 5],31,"Colorado Springs nightclub shooting: A gunman killed five after entering a local gay bar. 26 others, including the gunman, were wounded during the attack, 19 of them by gunfire. A suspect was later taken into custody.", Colorado,2022
2,"November 13, 2022","Charlottesville, Virginia",3,2,5,"2022 University of Virginia shooting: A student at the University of Virginia opened fire on a bus returning from a trip to see a play. The three people killed as well as one of the wounded were members of the University of Virginia's football team, and the gunman was a member of the team for one season, though he did not play any games.", Virginia,2022
3,"October 24, 2022","St. Louis, Missouri",3,7[n 6],10,"2022 Central Visual and Performing Arts High School shooting: A shooter, a former student, opened fire, killing two people and wounding four others before being shot and killed by police.[62]", Missouri,2022
4,"October 13, 2022","Raleigh, North Carolina",5,2,7,"2022 Raleigh shootings: The shooter, a teenager, went on a shooting spree along the Neuse River Trail greenway and surrounding neighborhood.[63]", North Carolina,2022
5,"September 28, 2022","Oakland, California",1,5,6,2022 Oakland school shooting: Four staff members and two students were shot by multiple gunmen at a complex that houses multiple schools. The shooting may have been tied to gang violence.[64], California,2022
6,"August 28, 2022","Bend, Oregon",3,2,5,"2022 Bend, Oregon shooting: A local man shot four people, two fatally, in a Safeway supermarket at the Forum shopping center before committing suicide.", Oregon,2022
7,"July 17, 2022","Denver, Colorado",0,7,7,"2022 Denver police shooting: Three police officers fired on a fleeing suspect, wounding him and six bystanders. One officer was convicted of assault and sentenced to 18 months probation.[65]", Colorado,2022
8,"July 17, 2022","Greenwood, Indiana",4,2,6,Greenwood Park Mall shooting: A local man fatally shot three people and injured two others at the food court in the Greenwood Park Mall before being shot dead by an armed civilian., Indiana,2022
9,"July 4, 2022","Highland Park, Illinois",7,48,55,Highland Park parade shooting: Seven people were killed and 48 others injured after a man fired a rifle from a rooftop at spectators attending Highland Park's Fourth of July parade., Illinois,2022
10,"June 30, 2022","Allen, Kentucky",3,4,7,"2022 shooting of Kentucky police officers: A man fired out the window of his home, shooting seven people, six of whom were law enforcement officers. Two of the officers died at the scene, and a third died in the hospital the day after. The third officer was a canine handler, and his dog also died. The suspect later killed himself in jail.", Kentucky,2022
11,"June 5, 2022","Chattanooga, Tennessee",3,14[n 8],17,"2022 Chattanooga shooting: Twelve people were shot, two of them fatally, at a nightclub during the early morning. A third person was killed by a vehicle attempting to flee.[66]", Tennessee,2022
12,"June 4, 2022","Philadelphia, Pennsylvania",3,11[n 2],14,"2022 Philadelphia shooting: Fourteen people were shot, three of them fatally, by multiple shooters on South Street. One of the shooters may have been shot by a responding police officer.[67]", Pennsylvania,2022
13,"June 2, 2022","Centerville, Texas/Jourdanton, Texas",6,0,6,"Centerville shooting: An escaped prisoner went inside a home and opened fire, killing five members of a family before being shot and killed by police.[68]", Texas,2022
14,"June 1, 2022","Tulsa, Oklahoma",5,0,5,2022 Tulsa hospital shooting: Four people were killed following a mass shooting at a Saint Francis medical building. The gunman committed suicide.[69], Oklahoma,2022
15,"May 24, 2022","Uvalde, Texas",22,18,40,Uvalde school shooting: A local man shot and wounded his grandmother before driving to his former elementary school and opening fire. He killed nineteen children and two adults before being shot dead by police. Eighteen other people were hospitalized.[70], Texas,2022
16,"May 19, 2022","Chicago, Illinois",2,8,10,"Magnificent Mile shooting: Two people were fatally shot, and eight others were critically injured, in a shooting near a McDonald's restaurant in Chicago, Illinois.[71]", Illinois,2022
17,"May 15, 2022","Laguna Woods, California",1,5,6,"2022 Laguna Woods shooting: One person was fatally shot and five others were injured in a shooting at a church in Orange County, California.[72]", California,2022
18,"May 14, 2022","Buffalo, New York",10,3,13,"2022 Buffalo shooting: The shooter, 18-year-old Payton Gendron, who was clad in body armor and a white supremacist, opened fire at a Tops supermarket, killing ten people, all of whom were Black, including a security guard, and wounded three others.[73] On February 15, 2023, he was sentenced to life in prison without the possibility of parole. The gunman specifically targeted African-Americans and was influenced by similar terrorist incidents in Charleston, Pittsburgh, Christchurch, Poway and El Paso.", New York,2022
19,"April 17, 2022","Pittsburgh, Pennsylvania",2,13[n 10],15,2022 Pittsburgh shooting: An early morning shooting at a party held at an Airbnb rental property in the East Allegheny neighborhood killed two juveniles and wounded eight others. Five people sustained injuries such as broken bones and cuts when they jumped out of windows to escape the gunfire.[74], Pennsylvania,2022
20,"April 12, 2022","New York City, New York",0,29[n 11],29,"2022 New York City Subway attack: Ten people were shot when a gunman opened fire on a New York City Subway train as it approached the 36th Street station in the Sunset Park neighborhood. Immediately before the attack, the assailant donned a gas mask and threw smoke bombs. The incident caused 19 others to be injured as they fled. The attacker fled the scene and was arrested after police received a tip-off after a 30-hour manhunt. He was identified as 62-year-old Frank James.[75][76]", New York,2022
21,"April 3, 2022","Sacramento, California",6,12[n 2],18,2022 Sacramento shooting: A shooting in downtown Sacramento killed six people and injured twelve others.[77] A suspect was arrested the next day.[78], California,2022
22,"February 19, 2022","Portland, Oregon",1,5[n 1],6,"Normandale Park shooting: During a racial justice protest, a man confronted a group of protestors and engaged in an argument with them, before pulling out a gun and opening fire, killing one and wounding four others. One of the people in the group returned fire and wounded the perpetrator.[79]", Oregon,2022
0,"December 6, 2023","Paradise, Nevada",4,3,7,"2023 University of Nevada, Las Vegas shooting: A gunman opened fire at the UNLV campus, killing three people and injuring one person before being killed in a shootout with police.", Nevada,2023
1,"December 5, 2023","Austin, Texas/Bexar County, Texas",6,3,9,2023 Austin shootings: A suspect killed four people and injured three others in a shooting in Austin. Another shooting in Bexar County that killed two was also connected to the suspect., Texas,2023
2,"October 29, 2023","Tampa, Florida",2,16,18,2023 Ybor City shooting: Two people were killed and sixteen were injured in a street fight after a Halloween party in the Ybor City neighborhood.[30], Florida,2023
3,"October 29, 2023","Chicago, Illinois",0,15,15,2023 Chicago Halloween party shooting: Fifteen people were shot at a venue hosting a Halloween party., Illinois,2023
4,"October 25, 2023","Lewiston, Maine",19,13,32,"2023 Lewiston shootings: A shooter opened fire at a bowling alley and a local bar, killing 18 people and injuring 13 others. He was found dead from an apparent self-inflicted gunshot wound two days later.[31][32][33]", Maine,2023
5,"August 26, 2023","Jacksonville, Florida",4,0,4,"2023 Jacksonville shooting: A racist gunman armed with a rifle and handgun opened fire at a Dollar General, killing three people before committing suicide.[34]", Florida,2023
6,"August 23, 2023","Trabuco Canyon, California",4,6,10,"2023 Trabuco Canyon shooting: A former police officer shot and wounded his ex-wife before opening fire on random people at the Cook's Corner bar, killing three people and wounding six others. The gunman was killed by police.[35]", California,2023
7,"July 14, 2023","Fargo, North Dakota",2,3,5,"2023 shooting of Fargo police officers: A man shot at police officers responding to an unrelated traffic collision, killing one officer and wounding two more before an officer shot and killed him. In addition, a nearby woman was struck by gunfire.[36]", North Dakota,2023
8,"July 3, 2023","Philadelphia, Pennsylvania",5,2,7,"2023 Kingsessing shooting: Five people were killed and two others injured in the Kingsessing section of Southwest Philadelphia.[37][38] A 40-year-old suspect allegedly carrying an AR-15–style rifle, a handgun, and a scanner was arrested.[39]", Pennsylvania,2023
9,"July 2, 2023","Baltimore, Maryland",2,28,30,2023 Baltimore shooting: Two people were killed and 28 people were injured in South Baltimore., Maryland,2023
10,"June 15, 2023","Monroe Township, Ohio",3,1,4,2023 Doerman killings: Three boys were killed and their mother wounded in a domestic-related shooting. The father was charged with the killings.[40], Ohio,2023
11,"June 11, 2023","Annapolis, Maryland",3,3,6,"2023 Annapolis shooting: A man fired at neighbors following a dispute over a parking space, killing three people and wounding three others. A suspect was arrested.[41]", Maryland,2023
12,"June 6, 2023","Richmond, Virginia",2,5,7,"2023 Richmond shooting: Seven people were shot, two fatally, outside a downtown theater in Richmond, Virginia, where a high school graduation ceremony had just ended. Two suspects were arrested.", Virginia,2023
13,"May 15, 2023","Farmington, New Mexico",4,6,10,"2023 Farmington, New Mexico shooting: Three civilians were killed and at least six others, including two police officers, were injured after an 18-year-old man opened fire in the city of Farmington, New Mexico. The gunman was killed by police.[42]", New Mexico,2023
14,"May 6, 2023","Allen, Texas",9,7,16,"2023 Allen, Texas mall shooting: A man opened fire at the Allen Premium Outlets, killing eight people, and injuring at least seven others before being killed by police.[43]", Texas,2023
15,"May 3, 2023","Atlanta, Georgia",1,4,5,"2023 Atlanta shooting: A man opened fire inside a Northside Hospital facility in Midtown Atlanta, killing a 39-year-old woman, and injuring four others, before fleeing the scene. After eight hours of being on the run, the suspect was arrested by police without further incident.[44][45]", Georgia,2023
16,"May 1, 2023","Henryetta, Oklahoma",7,0,7,"2023 Henryetta killings: A sex offender killed six people, including four family members, before killing himself at his residence.[46]", Oklahoma,2023
17,"April 28, 2023","Cleveland, Texas",5,0,5,"2023 Cleveland, Texas shooting: A man armed with an AR-15-style rifle opened fire at a home, killing five people, including a child, before fleeing the scene. Three children were covered in blood, but were hospitalized.[47] The suspect, 38-year-old Francisco Oropeza, was captured after a 4-day-long manhunt.[48]", Texas,2023
18,"April 18, 2023","Bowdoin and Yarmouth, Maine",4,3,7,"2023 Bowdoin–Yarmouth shootings: Four people were killed at a home in Bowdoin, followed by a shooting on a highway in Yarmouth that wounded three family members in the same vehicle. The son of two of the victims in Bowdoin was charged with the shooting.", Maine,2023
19,"April 15, 2023","Dadeville, Alabama",4,32,36,"2023 Dadeville shooting: Gunmen opened fire at a birthday party, killing four people, and injuring 32 others. Six suspects were taken into custody.[49][50]", Alabama,2023
20,"April 10, 2023","Louisville, Kentucky",6,8,14,"2023 Louisville bank shooting: An employee opened fire at a bank, killing five people and injuring eight others, including a police officer that was critically wounded.[51] The perpetrator, 25-year-old Connor Sturgeon, was fatally shot by police.[52]", Kentucky,2023
21,"March 27, 2023","Nashville, Tennessee",7,1[n 4],8,"2023 Nashville school shooting: A former student opened fire at The Covenant School in the Green Hills neighborhood. Six people were killed, three of them children, and one police officer was injured by shattered glass. The perpetrator, 28-year-old Aiden Hale, was fatally shot by police.[53]", Tennessee,2023
22,"February 22, 2023","Pine Hills, Florida",3,2,5,Killing of Dylan Lyons: Three people were killed and two others wounded in a series of shootings. A 19-year-old suspect was arrested.[54], Florida,2023
23,"February 13, 2023","East Lansing, Michigan",4,5,9,2023 Michigan State University shooting: A mass shooting occurred at Michigan State University in East Lansing. Three people were killed and five others injured.[55] The shooter died of a self-inflicted gunshot wound after being cornered by police.[56], Michigan,2023
24,"January 23, 2023","Half Moon Bay, California",7,1,8,"2023 Half Moon Bay shootings: A man opened fire at two farms, killing seven people and injuring one other, before being taken into custody.[57]", California,2023
25,"January 21, 2023","Monterey Park, California",12,9,21,2023 Monterey Park shooting: Eleven people were killed and nine others injured after a gunman opened fire at a dance studio in Monterey Park after a Chinese New Year celebration in the city. The perpetrator shot and killed himself in a standoff with police the next day.[58], California,2023
26,"January 16, 2023","Goshen, California",6,0,6,"2023 Goshen shooting: A baby, a teenager, and four others were killed in a shooting at a home.[59]", California,2023
27,"January 4, 2023","Enoch, Utah",8,0,8,"2023 Enoch, Utah shooting: Five children and three adults were killed in a shooting at a home.[60]", Utah,2023
0,"September 7, 2024","Laurel County, Kentucky",0,5,5,Interstate 75 Kentucky shooting: Five people were shot and injured when a lone gunman shot civilians in passing by cars on the Interstate 75 in Kentucky. Three other people suffered injuries due to vehicle accidents caused by the shooting.[9][10][11], Kentucky,2024
1,"September 4, 2024","Winder, Georgia",4,9,13,2024 Apalachee High School shooting: At least four people were killed and nine others were wounded in a shooting at Apalachee High School. A male suspect was taken into custody.[12], Georgia,2024
2,"September 2, 2024","Forest Park, Illinois",4,0,4,2024 CTA shooting: Four people were fatally shot on a Chicago Transit Authority Blue Line train as it entered the Forest Park station.[13], Illinois,2024
3,"July 13, 2024","Meridian, Pennsylvania",2,3,5,"Attempted assassination of Donald Trump: A man opened fire on former President of the United States Donald Trump during a rally from a nearby rooftop, killing an audience member and wounding Trump and two other audience members. The shooter was killed by Secret Service personnel.[14]", Pennsylvania,2024
4,"July 6, 2024","Florence, Kentucky",5,3,8,2024 Florence shooting: 21-year-old Chase Garvey killed four and wounded three others at a residence before fleeing in a vehicle; he crashed into a ditch and committed suicide during a police pursuit.[15][16], Kentucky,2024
5,"June 23, 2024","Tampa, Florida",1,3,4,Killing of Julio Foolio: Jacksonville-based rapper Julio Foolio was killed and three others were injured in an 'ambush' shooting at the Holiday Inn parking lot near the University of South Florida campus.[17][18], Florida,2024
6,"June 21, 2024","Fordyce, Arkansas",4,10[n 1],14,"2024 Fordyce shooting: A 44-year-old man opened fire at the Mad Butcher Grocery Store, killing four civilians and injuring nine others, including two police officers. The suspect, identified as Travis Posey from a neighboring county, suffered a graze wound after being shot by police.[19]", Arkansas,2024
7,"June 15, 2024","Rochester Hills, Michigan",1,9,10,2024 Rochester Hills shooting: A 42-year-old man from another county randomly shot nine people including two children at the Brooklands Plaza Splash Pad before driving to his home and shooting himself.[20], Michigan,2024
8,"May 30, 2024","Minneapolis, Minnesota",4,3,7,"2024 Minneapolis shooting: A man in the Whittier neighborhood killed three people, including a responding officer, and wounded three more before being killed by police.[21][22]", Minnesota,2024
9,"April 29, 2024","Charlotte, North Carolina",5,4,9,"2024 Charlotte shootout: Four law enforcement officers were shot and killed and four others wounded after a suspect fired at a task force serving an arrest warrant for a man. The subject of the warrant, who was later identified as 39-year-old Terry Clark Hughes Jr., was also killed.[23][24]", North Carolina,2024
10,"February 18, 2024","Burnsville, Minnesota",4,1,5,"2024 Burnsville shooting: Police and medics were fired upon from a home while responding to a domestic incident. Two officers and a firefighter were killed while another officer suffered a gunshot wound.[25] After opening fire on first responders, the shooter fatally shot himself.[26]", Minnesota,2024
11,"February 14, 2024","Kansas City, Missouri",1,40[n 2],41,"2024 Kansas City parade shooting: Gunfire erupted during a parade at Kansas City Union Station to celebrate the Kansas City Chiefs winning Super Bowl LVIII. At least one person was killed and more than twenty others were injured. Three male suspects were detained, two of whom are juveniles and one of whom was shot.", Missouri,2024
12,"February 7, 2024","East Lansdowne, Pennsylvania",6,2,8,"2024 East Lansdowne shooting: A man killed his niece and shot two police officers before setting his house on fire, killing himself and four other relatives.[27]", Pennsylvania,2024
13,"January 21–22, 2024","Joliet, Illinois",9,1,10,"2024 Joliet shootings: A gunman opened fire at two homes, killing seven people. The gunman previously opened fire at two locations, killing a man and injuring one person, before fatally shooting himself in a confrontation with law enforcement officials near Natalia, Texas.", Illinois,2024
14,"January 4, 2024","Perry, Iowa",3,6,9,"Perry High School shooting: A 17-year-old male opened fire at Perry High School, killing one student and injuring seven others, including a school administrator, before committing suicide. The principal of the school, who was wounded during the incident, died from his wounds ten days later on January 14.[28][29]", Iowa,2024
